index,value,set
jaccard,0.39229008772655927,65
sorensen,0.5635177484702507,65
frac_unique_1,0.41056706378239083,65
frac_unique_2,0.46021461973212113,65
centroid_distance,0.3134021467508489,65
