index,value,set
jaccard,0.41616026674276696,9
sorensen,0.5877304659873767,9
frac_unique_1,0.45072373235077096,9
frac_unique_2,0.3680257449004363,9
centroid_distance,0.06704712320646589,9
