index,value,set
jaccard,0.38945787277957455,8
sorensen,0.5605896809242213,8
frac_unique_1,0.37840605510083314,8
frac_unique_2,0.48951059832078114,8
centroid_distance,0.30018951173765773,8
