index,value,set
jaccard,0.39033097196915173,98
sorensen,0.5614936009320409,98
frac_unique_1,0.41653206241036866,98
frac_unique_2,0.4588856324693672,98
centroid_distance,0.30771049931649763,98
