index,value,set
jaccard,0.41117919918262175,19
sorensen,0.5827455498504847,19
frac_unique_1,0.4253900000000001,19
frac_unique_2,0.4088852192518016,19
centroid_distance,0.1784085971206001,19
