index,value,set
jaccard,0.36662336135191476,59
sorensen,0.5365389934345002,59
frac_unique_1,0.4251749498347632,59
frac_unique_2,0.49696547599989715,59
centroid_distance,0.36816182293245986,59
