index,value,set
jaccard,0.38953117476536014,63
sorensen,0.56066561418622,63
frac_unique_1,0.49450887060406296,63
frac_unique_2,0.3706395312643958,63
centroid_distance,0.40480608752842245,63
