index,value,set
jaccard,0.4052215292925011,18
sorensen,0.5767368643953547,18
frac_unique_1,0.44346181170956755,18
frac_unique_2,0.40154308541811173,18
centroid_distance,0.16650324100655428,18
