index,value,set
jaccard,0.41411676436611605,42
sorensen,0.585689632993985,42
frac_unique_1,0.40775021495998837,42
frac_unique_2,0.4207267819755448,42
centroid_distance,0.37293492690660457,42
