index,value,set
jaccard,0.40838927612356385,40
sorensen,0.5799380654865681,40
frac_unique_1,0.4179252395303583,40
frac_unique_2,0.4221829999999999,40
centroid_distance,0.19347933309077384,40
