index,value,set
jaccard,0.4019824317002538,30
sorensen,0.573448600511705,30
frac_unique_1,0.3873070587205423,30
frac_unique_2,0.4610709965584356,30
centroid_distance,0.1666913600464514,30
