index,value,set
jaccard,0.42966661147108887,36
sorensen,0.6010724570660195,36
frac_unique_1,0.3685790725326992,36
frac_unique_2,0.4264924767780747,36
centroid_distance,0.18152709104582238,36
