index,value,set
jaccard,0.3920802192974258,73
sorensen,0.5633011860412847,73
frac_unique_1,0.43089664885718226,73
frac_unique_2,0.44238386374681243,73
centroid_distance,0.42272270281554114,73
