index,value,set
jaccard,0.43647340772036813,45
sorensen,0.6077013404836165,45
frac_unique_1,0.3903255894603598,45
frac_unique_2,0.3942590000000001,45
centroid_distance,0.3256072042109889,45
