index,value,set
jaccard,0.3997824067070094,60
sorensen,0.5712065029414082,60
frac_unique_1,0.431824,60
frac_unique_2,0.42573049293606946,60
centroid_distance,0.17844177523041002,60
