index,value,set
jaccard,0.4096726203412194,57
sorensen,0.581230867975652,57
frac_unique_1,0.37831944854235316,57
frac_unique_2,0.45427665516550675,57
centroid_distance,0.14369704405123782,57
