index,value,set
jaccard,0.389497064333102,64
sorensen,0.5606302803094351,64
frac_unique_1,0.4500959578787726,64
frac_unique_2,0.4282167125039642,64
centroid_distance,0.11259349839142466,64
