index,value,set
jaccard,0.41153080613548493,28
sorensen,0.583098582541293,28
frac_unique_1,0.3910836553638492,28
frac_unique_2,0.4406189084872452,28
centroid_distance,0.20123057724778598,28
