index,value,set
jaccard,0.3911721844428782,76
sorensen,0.5623634354068553,76
frac_unique_1,0.4461415059667525,76
frac_unique_2,0.4288663493346752,76
centroid_distance,0.16001271960372956,76
