index,value,set
jaccard,0.39972961989723177,32
sorensen,0.5711526200704103,32
frac_unique_1,0.39069076728618635,32
frac_unique_2,0.4625066832589689,32
centroid_distance,0.1829592537682886,32
