index,value,set
jaccard,0.38897025557852916,17
sorensen,0.5600843560419033,17
frac_unique_1,0.40829304557635976,17
frac_unique_2,0.4683297028957722,17
centroid_distance,0.19525991109241966,17
