index,value,set
jaccard,0.42178354682801733,23
sorensen,0.5933161173077457,23
frac_unique_1,0.3964740894294057,23
frac_unique_2,0.4165539861576249,23
centroid_distance,0.17916527766928872,23
