index,value,set
jaccard,0.3952396642720008,93
sorensen,0.5665545130244364,93
frac_unique_1,0.44082795175205014,93
frac_unique_2,0.4258654802816193,93
centroid_distance,0.2996812150051161,93
