index,value,set
jaccard,0.4215202938547815,86
sorensen,0.5930556119065056,86
frac_unique_1,0.38239650736727215,86
frac_unique_2,0.4296154576093108,86
centroid_distance,0.14637358159928635,86
