index,value,set
jaccard,0.4086546134284648,12
sorensen,0.5802055514997501,12
frac_unique_1,0.4183133740130821,12
frac_unique_2,0.4212679999999999,12
centroid_distance,0.14195793595584988,12
