index,value,set
jaccard,0.41431914200930325,53
sorensen,0.5858920093815402,53
frac_unique_1,0.41248402834366604,53
frac_unique_2,0.41572299999999995,53
centroid_distance,0.15433973700392822,53
