index,value,set
jaccard,0.39859467646915203,25
sorensen,0.5699931269228502,25
frac_unique_1,0.46342247309899415,25
frac_unique_2,0.39215293118096856,25
centroid_distance,0.23316421972919946,25
