index,value,set
jaccard,0.3940231431492568,1
sorensen,0.5653035892347005,1
frac_unique_1,0.45237348977471475,1
frac_unique_2,0.4158400527383064,1
centroid_distance,0.3107756273282383,1
