index,value,set
jaccard,0.3963941236475002,92
sorensen,0.5677396043633942,92
frac_unique_1,0.40684104496231804,92
frac_unique_2,0.4555906223221085,92
centroid_distance,0.34009467248497566,92
