index,value,set
jaccard,0.4039285951340654,95
sorensen,0.5754261242830417,95
frac_unique_1,0.423134587212724,95
frac_unique_2,0.426006,95
centroid_distance,0.14114883257025398,95
