index,value,set
jaccard,0.39570525120197964,38
sorensen,0.5670326895470211,38
frac_unique_1,0.42575513334809967,38
frac_unique_2,0.44000057322824193,38
centroid_distance,0.2639625976585619,38
