index,value,set
jaccard,0.4009657640777096,68
sorensen,0.5724133656352056,68
frac_unique_1,0.39159234750969835,68
frac_unique_2,0.4595598635318176,68
centroid_distance,0.30678612379133186,68
