index,value,set
jaccard,0.3988013345425284,13
sorensen,0.5702043952838443,13
frac_unique_1,0.494031460076028,13
frac_unique_2,0.3468776583179616,13
centroid_distance,0.18307048848080892,13
