index,value,set
jaccard,0.40375964956280397,70
sorensen,0.5752546736737354,70
frac_unique_1,0.42991268101111335,70
frac_unique_2,0.4194834394735824,70
centroid_distance,0.07978792325587797,70
