index,value,set
jaccard,0.38284801386389655,78
sorensen,0.553709460512813,78
frac_unique_1,0.4820498634500139,78
frac_unique_2,0.4052273846885238,78
centroid_distance,0.3513135568230473,78
