index,value,set
jaccard,0.4199447885900948,10
sorensen,0.5914945312867699,10
frac_unique_1,0.43104143460005545,10
frac_unique_2,0.38411061280646547,10
centroid_distance,0.30686385098680996,10
