index,value,set
jaccard,0.403488347045567,7
sorensen,0.5749792620579086,7
frac_unique_1,0.4391974423315215,7
frac_unique_2,0.4101086898211503,7
centroid_distance,0.3362207507186856,7
