index,value,set
jaccard,0.4059496720737577,85
sorensen,0.5774739738371818,85
frac_unique_1,0.4581366715277242,85
frac_unique_2,0.3819055582108144,85
centroid_distance,0.2278093646506831,85
