index,value,set
jaccard,0.40994802279823767,3
sorensen,0.5815079934431042,3
frac_unique_1,0.42027099999999995,3
frac_unique_2,0.4167020612403263,3
centroid_distance,0.27329353603651874,3
