index,value,set
jaccard,0.412709129160801,4
sorensen,0.5842804023018734,4
frac_unique_1,0.43501000000000006,4
frac_unique_2,0.39506536950179477,4
centroid_distance,0.16840491754907358,4
