index,value,set
jaccard,0.3936849865682285,96
sorensen,0.564955481851932,96
frac_unique_1,0.45486862562686187,96
frac_unique_2,0.4137241616656987,96
centroid_distance,0.14522215331222038,96
