index,value,set
jaccard,0.38228746318457396,97
sorensen,0.5531229550528419,97
frac_unique_1,0.4481446064242859,97
frac_unique_2,0.4456036471183908,97
centroid_distance,0.25127317583204856,97
