index,value,set
jaccard,0.40748218948236303,14
sorensen,0.5790228715181467,14
frac_unique_1,0.37764111832348046,14
frac_unique_2,0.4586708848104871,14
centroid_distance,0.21361670791933537,14
