index,value,set
jaccard,0.40703220535766815,21
sorensen,0.5785684276561395,21
frac_unique_1,0.4003368972195251,21
frac_unique_2,0.44109256323759916,21
centroid_distance,0.1504678404772901,21
