index,value,set
jaccard,0.4233340440324897,51
sorensen,0.5948484767962544,51
frac_unique_1,0.430743405182899,51
frac_unique_2,0.3771502723331808,51
centroid_distance,0.10538542952005833,51
