index,value,set
jaccard,0.38515556582731736,56
sorensen,0.5561188581692251,56
frac_unique_1,0.40385193964013333,56
frac_unique_2,0.47887295233094535,56
centroid_distance,0.2331840907568324,56
