index,value,set
jaccard,0.4000993255105767,15
sorensen,0.5715299168002552,15
frac_unique_1,0.43603471024361085,15
frac_unique_2,0.4206997641567577,15
centroid_distance,0.19496423442805,15
