index,value,set
jaccard,0.4156132649699759,24
sorensen,0.5871847562530305,24
frac_unique_1,0.41083522346681434,24
frac_unique_2,0.41478199999999993,24
centroid_distance,0.20924340798992508,24
