index,value,set
jaccard,0.40102409358422225,99
sorensen,0.5724728010326894,99
frac_unique_1,0.3976874821249723,99
frac_unique_2,0.45454984532462855,99
centroid_distance,0.3365455619634394,99
