index,value,set
jaccard,0.4031927040561298,91
sorensen,0.5746790200528316,91
frac_unique_1,0.44173970252798084,91
frac_unique_2,0.40790722684940167,91
centroid_distance,0.29213152207099363,91
