index,value,set
jaccard,0.4022777666113054,33
sorensen,0.5737490477131867,33
frac_unique_1,0.432997909503641,33
frac_unique_2,0.4193414925636034,33
centroid_distance,0.13834902017726855,33
