index,value,set
jaccard,0.401226429405332,74
sorensen,0.5726789346609868,74
frac_unique_1,0.4389598151694909,74
frac_unique_2,0.4151891952180271,74
centroid_distance,0.3105814686135792,74
