index,value,set
jaccard,0.4003252271981413,61
sorensen,0.571760358840549,61
frac_unique_1,0.41962682577339455,61
frac_unique_2,0.43660056400414815,61
centroid_distance,0.1093259326400217,61
