index,value,set
jaccard,0.39900673100500994,54
sorensen,0.5704143120431936,54
frac_unique_1,0.4295209307722161,54
frac_unique_2,0.4296504304414113,54
centroid_distance,0.2517332873545716,54
