index,value,set
jaccard,0.38751042670204355,52
sorensen,0.5585693905351217,52
frac_unique_1,0.4452040000000001,52
frac_unique_2,0.43760553874137237,52
centroid_distance,0.14300557701695546,52
