index,value,set
jaccard,0.40631545781607786,22
sorensen,0.5778439759839673,22
frac_unique_1,0.4538286370999933,22
frac_unique_2,0.38658387018518015,22
centroid_distance,0.21455970577976027,22
