index,value,set
jaccard,0.39674507722336305,84
sorensen,0.5680994817065202,84
frac_unique_1,0.43678973526374404,84
frac_unique_2,0.4269256715849925,84
centroid_distance,0.3316879703507185,84
