index,value,set
jaccard,0.39497661916123467,5
sorensen,0.566284213994532,5
frac_unique_1,0.4581855719680509,5
frac_unique_2,0.40693121652581016,5
centroid_distance,0.10732267288320517,5
