index,value,set
jaccard,0.40220581018497886,69
sorensen,0.5736758573720643,69
frac_unique_1,0.41185226425202465,69
frac_unique_2,0.4401009382059474,69
centroid_distance,0.40264760689187784,69
