index,value,set
jaccard,0.41436847439924906,26
sorensen,0.5859413326859558,26
frac_unique_1,0.43697181383372957,26
frac_unique_2,0.38920144501459125,26
centroid_distance,0.11590575574517602,26
