index,value,set
jaccard,0.4065715421873353,31
sorensen,0.5781028977098213,31
frac_unique_1,0.435125,31
frac_unique_2,0.40803482337144675,31
centroid_distance,0.1816293781591043,31
