index,value,set
jaccard,0.4067202623455062,81
sorensen,0.5782532223817661,81
frac_unique_1,0.4184458350316726,81
frac_unique_2,0.42501045893505857,81
centroid_distance,0.23954351670224755,81
