index,value,set
jaccard,0.4153670655573612,34
sorensen,0.5869390007231695,34
frac_unique_1,0.4230844958220941,34
frac_unique_2,0.4026830419819349,34
centroid_distance,0.2539536852521618,34
