index,value,set
jaccard,0.4086263941684517,66
sorensen,0.5801771085081425,66
frac_unique_1,0.41578684284435313,66
frac_unique_2,0.42380355650764817,66
centroid_distance,0.4772275677792481,66
