index,value,set
jaccard,0.418376233851903,16
sorensen,0.5899368924360967,16
frac_unique_1,0.4434645178882319,16
frac_unique_2,0.37239642654962657,16
centroid_distance,0.1956904117644624,16
