index,value,set
jaccard,0.3925485069778167,6
sorensen,0.5637843206334642,6
frac_unique_1,0.4213701485310063,6
frac_unique_2,0.45031850109445964,6
centroid_distance,0.2502403694173147,6
