index,value,set
jaccard,0.39384674477933423,90
sorensen,0.565122021132511,90
frac_unique_1,0.3879518830940159,90
frac_unique_2,0.4751207828757583,90
centroid_distance,0.11193435848868288,90
