index,value,set
jaccard,0.4085579604873574,62
sorensen,0.5801081275292319,62
frac_unique_1,0.4535854588375673,62
frac_unique_2,0.38176992111658725,62
centroid_distance,0.17012002176332727,62
