index,value,set
jaccard,0.4166931983767076,67
sorensen,0.5882617335272987,67
frac_unique_1,0.4202638891831026,67
frac_unique_2,0.4029581447847302,67
centroid_distance,0.11913206192640853,67
