index,value,set
jaccard,0.42327616907054544,39
sorensen,0.5947913388403899,39
frac_unique_1,0.4173188240842866,39
frac_unique_2,0.3925844305983973,39
centroid_distance,0.2267147887931314,39
