index,value,set
jaccard,0.4118716696067453,100
sorensen,0.5834406603278125,100
frac_unique_1,0.3687890439526678,100
frac_unique_2,0.45760779691032905,100
centroid_distance,0.3031069704690901,100
