index,value,set
jaccard,0.009047022536521303,Subspecies
sorensen,0.017931815533787684,Subspecies
frac_unique_1,0.9870099806023453,Subspecies
frac_unique_2,0.9710576329644425,Subspecies
centroid_distance,2.5531974738581087,Subspecies
