index,value,set
jaccard,0.40435169316480324,37
sorensen,0.5758553147802583,37
frac_unique_1,0.42925798510808305,37
frac_unique_2,0.41893893657462894,37
centroid_distance,0.2908103522588186,37
