index,value,set
jaccard,0.3921603542457284,47
sorensen,0.5633838846936575,47
frac_unique_1,0.45420756813137486,47
frac_unique_2,0.4178529145112261,47
centroid_distance,0.264075434588725,47
