index,value,set
jaccard,0.40945479885834246,58
sorensen,0.5810116070270585,58
frac_unique_1,0.4337427899287953,58
frac_unique_2,0.4034445449957912,58
centroid_distance,0.21323896236175616,58
