index,value,set
jaccard,0.3825001087689409,29
sorensen,0.5533455026047577,29
frac_unique_1,0.46731,29
frac_unique_2,0.42433250634087594,29
centroid_distance,0.34852375687555676,29
