index,value,set
jaccard,0.4207610216054693,77
sorensen,0.5923037234369037,77
frac_unique_1,0.4414484421934432,77
frac_unique_2,0.36960260939245854,77
centroid_distance,0.18140220914453659,77
