index,value,set
jaccard,0.41511803086976246,11
sorensen,0.5866903280352125,11
frac_unique_1,0.419518,11
frac_unique_2,0.40696711058796653,11
centroid_distance,0.2678187044160264,11
