index,value,set
jaccard,0.40403820101051197,82
sorensen,0.5755373332715852,82
frac_unique_1,0.458489,82
frac_unique_2,0.38587347104219605,82
centroid_distance,0.18324920352398735,82
