index,value,set
jaccard,0.412987947497995,80
sorensen,0.5845597596628913,80
frac_unique_1,0.39876111900974087,80
frac_unique_2,0.43121894093807067,80
centroid_distance,0.2289459993261086,80
