index,value,set
jaccard,0.4091995643915265,35
sorensen,0.5807545996059308,35
frac_unique_1,0.4344448242726246,35
frac_unique_2,0.4032064377791097,35
centroid_distance,0.28048160503926434,35
