index,value,set
jaccard,0.38377216523197366,50
sorensen,0.5546753647377184,50
frac_unique_1,0.41552025445146096,50
frac_unique_2,0.4722368654301057,50
centroid_distance,0.26676909651447184,50
