index,value,set
jaccard,0.39750916428645927,71
sorensen,0.5688823722160271,71
frac_unique_1,0.4154373555135146,71
frac_unique_2,0.4459786619372897,71
centroid_distance,0.13378180464090736,71
