index,value,set
jaccard,0.38753145536700107,27
sorensen,0.5585912360660671,27
frac_unique_1,0.41680721095570844,27
frac_unique_2,0.46401873401282884,27
centroid_distance,0.19913702021248567,27
