index,value,set
jaccard,0.4005992630098444,94
sorensen,0.5720398026612823,94
frac_unique_1,0.42232345541530625,94
frac_unique_2,0.433488,94
centroid_distance,0.2713108589660761,94
