index,value,set
jaccard,0.42087347049479135,72
sorensen,0.5924151294741683,72
frac_unique_1,0.40137015672060844,72
frac_unique_2,0.413671873277931,72
centroid_distance,0.14332763005637356,72
