index,value,set
jaccard,0.409593324557011,2
sorensen,0.5811510560121769,2
frac_unique_1,0.4021907843261647,2
frac_unique_2,0.4346039009915318,2
centroid_distance,0.25390479679960953,2
