index,value,set
jaccard,0.3697334170537574,48
sorensen,0.5398618628273514,48
frac_unique_1,0.5102159882048798,48
frac_unique_2,0.3986536178342228,48
centroid_distance,0.2546294361650323,48
