index,value,set
jaccard,0.38029224313851023,83
sorensen,0.5510314863087272,83
frac_unique_1,0.4221592368010428,83
frac_unique_2,0.47340042423825063,83
centroid_distance,0.22483664548530793,83
