index,value,set
jaccard,0.40166143695959783,44
sorensen,0.5731219057162026,44
frac_unique_1,0.436654,44
frac_unique_2,0.4167569085983231,44
centroid_distance,0.3039993607633875,44
