index,value,set
jaccard,0.39807180356055394,49
sorensen,0.5694583104340712,49
frac_unique_1,0.39355389213108183,49
frac_unique_2,0.46327700000000005,49
centroid_distance,0.31880227025523117,49
