index,value,set
jaccard,0.3929329467875776,55
sorensen,0.5641807061765192,55
frac_unique_1,0.453198,55
frac_unique_2,0.4172996502084572,55
centroid_distance,0.2246472442278362,55
