index,value,set
jaccard,0.3763750526399189,89
sorensen,0.5469076933907264,89
frac_unique_1,0.48191662702232446,89
frac_unique_2,0.4208716609042568,89
centroid_distance,0.1443687908747869,89
