index,value,set
jaccard,0.39367839546220534,88
sorensen,0.5649486951136158,88
frac_unique_1,0.4554556903664459,88
frac_unique_2,0.4130582636766854,88
centroid_distance,0.17373839570899063,88
