index,value,set
jaccard,0.3790888164670537,43
sorensen,0.5497670809023055,43
frac_unique_1,0.4292151522654121,43
frac_unique_2,0.469757801269643,43
centroid_distance,0.229647862263076,43
