index,value,set
jaccard,0.4178731537065109,46
sorensen,0.5894365833983588,46
frac_unique_1,0.43118761911959735,46
frac_unique_2,0.38838734650867723,46
centroid_distance,0.2793223560752332,46
