index,value,set
jaccard,0.4014288480690905,87
sorensen,0.572885093127896,87
frac_unique_1,0.4026279654163659,87
frac_unique_2,0.44967340369663095,87
centroid_distance,0.3467140120597666,87
