index,value,set
jaccard,0.401781668391871,79
sorensen,0.5732442896799991,79
frac_unique_1,0.38960644330479177,79
frac_unique_2,0.45964250081864705,79
centroid_distance,0.2536509983273701,79
