index,value,set
jaccard,0.4290420843053133,75
sorensen,0.6004610907087169,75
frac_unique_1,0.36994701624447013,75
frac_unique_2,0.4264757976078571,75
centroid_distance,0.11854954430934558,75
