index,value,set
jaccard,0.42231272695188765,41
sorensen,0.5938394826247985,41
frac_unique_1,0.39801561901200144,41
frac_unique_2,0.4140879556964334,41
centroid_distance,0.0713641322908753,41
