index,value,set
jaccard,0.4139996558225104,20
sorensen,0.5855724987170392,20
frac_unique_1,0.3966425411022941,20
frac_unique_2,0.4311939999999999,20
centroid_distance,0.3104177448045718,20
